INSERT [Portfolio].[Benchmark] ([Number], [Name]) VALUES (10000, N'***REMOVED***')
GO
INSERT [Portfolio].[Benchmark] ([Number], [Name]) VALUES (10001, N'***REMOVED***')
GO
INSERT [Portfolio].[Benchmark] ([Number], [Name]) VALUES (10002, N'***REMOVED***')
GO
INSERT [Portfolio].[Benchmark] ([Number], [Name]) VALUES (10003, N'***REMOVED***')
GO
INSERT [Portfolio].[Benchmark] ([Number], [Name]) VALUES (10004, N'***REMOVED***')
GO
INSERT [Portfolio].[Benchmark] ([Number], [Name]) VALUES (10005, N'***REMOVED***')
GO
INSERT [Portfolio].[Benchmark] ([Number], [Name]) VALUES (10006, N'***REMOVED***')
GO
INSERT [Portfolio].[Benchmark] ([Number], [Name]) VALUES (10007, N'***REMOVED***')
GO
INSERT [Portfolio].[Benchmark] ([Number], [Name]) VALUES (10008, N'***REMOVED***')
GO
INSERT [Portfolio].[Benchmark] ([Number], [Name]) VALUES (10009, N'***REMOVED***')
GO
INSERT [Portfolio].[Benchmark] ([Number], [Name]) VALUES (10010, N'***REMOVED***')
GO
INSERT [Portfolio].[Benchmark] ([Number], [Name]) VALUES (10011, N'***REMOVED***')
GO
INSERT [Portfolio].[Benchmark] ([Number], [Name]) VALUES (10012, N'***REMOVED***')
GO
INSERT [Portfolio].[Benchmark] ([Number], [Name]) VALUES (10013, N'***REMOVED***')
GO
INSERT [Portfolio].[Benchmark] ([Number], [Name]) VALUES (10014, N'***REMOVED***')
GO
INSERT [Portfolio].[Benchmark] ([Number], [Name]) VALUES (10015, N'***REMOVED***')
GO
INSERT [Portfolio].[Benchmark] ([Number], [Name]) VALUES (10016, N'***REMOVED***')
GO
INSERT [Portfolio].[Benchmark] ([Number], [Name]) VALUES (10017, N'***REMOVED***')
GO
INSERT [Portfolio].[Benchmark] ([Number], [Name]) VALUES (10018, N'***REMOVED***')
GO
INSERT [Portfolio].[Benchmark] ([Number], [Name]) VALUES (10019, N'***REMOVED***')
GO
INSERT [Portfolio].[Benchmark] ([Number], [Name]) VALUES (10020, N'***REMOVED***')
GO
INSERT [Portfolio].[Benchmark] ([Number], [Name]) VALUES (10021, N'***REMOVED***')
GO
INSERT [Portfolio].[Benchmark] ([Number], [Name]) VALUES (10022, N'***REMOVED***')
GO
INSERT [Portfolio].[Benchmark] ([Number], [Name]) VALUES (10023, N'***REMOVED***')
GO
INSERT [Portfolio].[Benchmark] ([Number], [Name]) VALUES (10024, N'***REMOVED***')
GO
INSERT [Portfolio].[Benchmark] ([Number], [Name]) VALUES (10025, N'***REMOVED***')
GO
INSERT [Portfolio].[Benchmark] ([Number], [Name]) VALUES (10026, N'***REMOVED***')
GO
INSERT [Portfolio].[Benchmark] ([Number], [Name]) VALUES (10027, N'***REMOVED***')
GO
INSERT [Portfolio].[Benchmark] ([Number], [Name]) VALUES (10028, N'***REMOVED***')
GO
INSERT [Portfolio].[Benchmark] ([Number], [Name]) VALUES (10029, N'***REMOVED***')
GO
INSERT [Portfolio].[Benchmark] ([Number], [Name]) VALUES (10030, N'***REMOVED***')
GO
INSERT [Portfolio].[Portfolio] ([Number], [Name], [InceptionDate], [CloseDate]) VALUES (100, N'***REMOVED***', CAST(N'2000-01-08 00:00:00.000' AS DateTime), NULL)
GO
INSERT [Portfolio].[Portfolio] ([Number], [Name], [InceptionDate], [CloseDate]) VALUES (101, N'***REMOVED***', CAST(N'2010-08-09 00:00:00.000' AS DateTime), NULL)
GO
INSERT [Portfolio].[Portfolio] ([Number], [Name], [InceptionDate], [CloseDate]) VALUES (102, N'***REMOVED***', CAST(N'2013-01-03 00:00:00.000' AS DateTime), NULL)
GO
INSERT [Portfolio].[Portfolio] ([Number], [Name], [InceptionDate], [CloseDate]) VALUES (103, N'***REMOVED***', CAST(N'1985-12-30 00:00:00.000' AS DateTime), NULL)
GO
INSERT [Portfolio].[Portfolio] ([Number], [Name], [InceptionDate], [CloseDate]) VALUES (104, N'***REMOVED***', CAST(N'2000-08-15 00:00:00.000' AS DateTime), CAST(N'2017-12-05 00:00:00.000' AS DateTime))
GO
INSERT [Portfolio].[Portfolio] ([Number], [Name], [InceptionDate], [CloseDate]) VALUES (105, N'***REMOVED***', CAST(N'1999-07-03 00:00:00.000' AS DateTime), NULL)
GO
INSERT [Portfolio].[Portfolio] ([Number], [Name], [InceptionDate], [CloseDate]) VALUES (106, N'***REMOVED***', CAST(N'2003-04-09 00:00:00.000' AS DateTime), NULL)
GO
INSERT [Portfolio].[Portfolio] ([Number], [Name], [InceptionDate], [CloseDate]) VALUES (107, N'***REMOVED***', CAST(N'2010-08-09 00:00:00.000' AS DateTime), NULL)
GO
INSERT [Portfolio].[Portfolio] ([Number], [Name], [InceptionDate], [CloseDate]) VALUES (108, N'***REMOVED***', CAST(N'2013-01-03 00:00:00.000' AS DateTime), NULL)
GO
INSERT [Portfolio].[Portfolio] ([Number], [Name], [InceptionDate], [CloseDate]) VALUES (109, N'***REMOVED***', CAST(N'1985-12-30 00:00:00.000' AS DateTime), NULL)
GO
INSERT [Portfolio].[Portfolio] ([Number], [Name], [InceptionDate], [CloseDate]) VALUES (110, N'***REMOVED***', CAST(N'2000-08-15 00:00:00.000' AS DateTime), CAST(N'2001-11-04 00:00:00.000' AS DateTime))
GO
INSERT [Portfolio].[Portfolio] ([Number], [Name], [InceptionDate], [CloseDate]) VALUES (111, N'***REMOVED***', CAST(N'1999-07-03 00:00:00.000' AS DateTime), NULL)
GO
INSERT [Portfolio].[Portfolio] ([Number], [Name], [InceptionDate], [CloseDate]) VALUES (112, N'***REMOVED***', CAST(N'2003-04-09 00:00:00.000' AS DateTime), NULL)
GO
INSERT [Portfolio].[Portfolio] ([Number], [Name], [InceptionDate], [CloseDate]) VALUES (113, N'***REMOVED***', CAST(N'2010-08-09 00:00:00.000' AS DateTime), NULL)
GO
INSERT [Portfolio].[Portfolio] ([Number], [Name], [InceptionDate], [CloseDate]) VALUES (114, N'***REMOVED***', CAST(N'2013-01-03 00:00:00.000' AS DateTime), NULL)
GO
INSERT [Portfolio].[Portfolio] ([Number], [Name], [InceptionDate], [CloseDate]) VALUES (115, N'***REMOVED***', CAST(N'1985-12-30 00:00:00.000' AS DateTime), NULL)
GO
INSERT [Portfolio].[Portfolio] ([Number], [Name], [InceptionDate], [CloseDate]) VALUES (116, N'***REMOVED***', CAST(N'2000-08-15 00:00:00.000' AS DateTime), NULL)
GO
INSERT [Portfolio].[Portfolio] ([Number], [Name], [InceptionDate], [CloseDate]) VALUES (117, N'***REMOVED***', CAST(N'1999-07-03 00:00:00.000' AS DateTime), CAST(N'2005-03-07 00:00:00.000' AS DateTime))
GO
INSERT [Portfolio].[Portfolio] ([Number], [Name], [InceptionDate], [CloseDate]) VALUES (118, N'***REMOVED***', CAST(N'2003-04-09 00:00:00.000' AS DateTime), NULL)
GO
INSERT [Portfolio].[Portfolio] ([Number], [Name], [InceptionDate], [CloseDate]) VALUES (119, N'***REMOVED***', CAST(N'2013-01-03 00:00:00.000' AS DateTime), NULL)
GO
INSERT [Portfolio].[Portfolio] ([Number], [Name], [InceptionDate], [CloseDate]) VALUES (120, N'***REMOVED***', CAST(N'2000-08-15 00:00:00.000' AS DateTime), NULL)
GO
INSERT [Portfolio].[PortfolioToBenchmark] ([PortfolioNumber], [BenchmarkNumber], [SortOrder]) VALUES (101, 10010, 1)
GO
INSERT [Portfolio].[PortfolioToBenchmark] ([PortfolioNumber], [BenchmarkNumber], [SortOrder]) VALUES (102, 10000, 1)
GO
INSERT [Portfolio].[PortfolioToBenchmark] ([PortfolioNumber], [BenchmarkNumber], [SortOrder]) VALUES (102, 10005, 3)
GO
INSERT [Portfolio].[PortfolioToBenchmark] ([PortfolioNumber], [BenchmarkNumber], [SortOrder]) VALUES (102, 10010, 2)
GO
INSERT [Portfolio].[PortfolioToBenchmark] ([PortfolioNumber], [BenchmarkNumber], [SortOrder]) VALUES (103, 10022, 1)
GO
INSERT [Portfolio].[PortfolioToBenchmark] ([PortfolioNumber], [BenchmarkNumber], [SortOrder]) VALUES (104, 10003, 1)
GO
INSERT [Portfolio].[PortfolioToBenchmark] ([PortfolioNumber], [BenchmarkNumber], [SortOrder]) VALUES (105, 10004, 1)
GO
INSERT [Portfolio].[PortfolioToBenchmark] ([PortfolioNumber], [BenchmarkNumber], [SortOrder]) VALUES (106, 10005, 1)
GO
INSERT [Portfolio].[PortfolioToBenchmark] ([PortfolioNumber], [BenchmarkNumber], [SortOrder]) VALUES (107, 10006, 1)
GO
INSERT [Portfolio].[PortfolioToBenchmark] ([PortfolioNumber], [BenchmarkNumber], [SortOrder]) VALUES (108, 10007, 1)
GO
INSERT [Portfolio].[PortfolioToBenchmark] ([PortfolioNumber], [BenchmarkNumber], [SortOrder]) VALUES (109, 10008, 1)
GO
INSERT [Portfolio].[PortfolioToBenchmark] ([PortfolioNumber], [BenchmarkNumber], [SortOrder]) VALUES (110, 10009, 1)
GO
INSERT [Portfolio].[PortfolioToBenchmark] ([PortfolioNumber], [BenchmarkNumber], [SortOrder]) VALUES (111, 10010, 1)
GO
INSERT [Portfolio].[PortfolioToBenchmark] ([PortfolioNumber], [BenchmarkNumber], [SortOrder]) VALUES (112, 10020, 1)
GO
INSERT [Portfolio].[PortfolioToBenchmark] ([PortfolioNumber], [BenchmarkNumber], [SortOrder]) VALUES (113, 10021, 1)
GO
INSERT [Portfolio].[PortfolioToBenchmark] ([PortfolioNumber], [BenchmarkNumber], [SortOrder]) VALUES (114, 10022, 1)
GO
INSERT [Portfolio].[PortfolioToBenchmark] ([PortfolioNumber], [BenchmarkNumber], [SortOrder]) VALUES (115, 10023, 1)
GO
INSERT [Portfolio].[PortfolioToBenchmark] ([PortfolioNumber], [BenchmarkNumber], [SortOrder]) VALUES (115, 10028, 2)
GO
INSERT [Portfolio].[PortfolioToBenchmark] ([PortfolioNumber], [BenchmarkNumber], [SortOrder]) VALUES (116, 10022, 1)
GO
INSERT [Portfolio].[PortfolioToBenchmark] ([PortfolioNumber], [BenchmarkNumber], [SortOrder]) VALUES (117, 10030, 1)
GO
INSERT [Portfolio].[PortfolioToBenchmark] ([PortfolioNumber], [BenchmarkNumber], [SortOrder]) VALUES (118, 10010, 1)
GO
INSERT [Portfolio].[PortfolioToBenchmark] ([PortfolioNumber], [BenchmarkNumber], [SortOrder]) VALUES (119, 10027, 1)
GO
INSERT [Portfolio].[PortfolioToBenchmark] ([PortfolioNumber], [BenchmarkNumber], [SortOrder]) VALUES (120, 10005, 1)
GO
