ReturnHistoryID,HistoricalPerformanceID,ExternalID,EndDate,TimePeriod,Value,CategorySize,Type
385255561,16742853,100,10/31/2013,M1,4.645,NULL,6
385255562,16742853,100,9/30/2013,M1,-7.6,NULL,6
385255563,16742853,100,8/31/2013,M1,2.391,NULL,6
385255564,16742853,100,7/31/2013,M1,-9.527,NULL,6
385255565,16742853,100,6/30/2013,M1,3.732,NULL,6
385255566,16742853,100,5/31/2013,M1,5.276,NULL,6
385255567,16742853,100,4/30/2013,M1,5.547,NULL,6
385255568,16742853,100,3/31/2013,M1,9.198,NULL,6
385255569,16742853,100,2/28/2013,M1,7.259,NULL,6
385255570,16742853,100,1/31/2013,M1,1.195,NULL,6
385255576,16742854,100,12/31/2012,M1,-7.282,NULL,6
385255577,16742854,100,11/30/2012,M1,-7.677,NULL,6
385255578,16742854,100,10/31/2012,M1,-1.694,NULL,6
385255579,16742854,100,9/30/2012,M1,2.218,NULL,6
385255580,16742854,100,8/31/2012,M1,5.145,NULL,6
385255581,16742854,100,7/31/2012,M1,-1.107,NULL,6
385255582,16742854,100,6/30/2012,M1,-2.427,NULL,6
385255583,16742854,100,5/31/2012,M1,3.313,NULL,6
385255584,16742854,100,4/30/2012,M1,-1.422,NULL,6
385255585,16742854,100,3/31/2012,M1,-6.839,NULL,6
385255586,16742854,100,2/29/2012,M1,-1.036,NULL,6
385255587,16742854,100,1/31/2012,M1,2.469,NULL,6
385255593,16742855,100,12/31/2011,M1,2.572,NULL,6
385255594,16742855,100,11/30/2011,M1,-6.455,NULL,6
385255595,16742855,100,10/31/2011,M1,8.236,NULL,6
385255596,16742855,100,9/30/2011,M1,7.075,NULL,6
385255597,16742855,100,8/31/2011,M1,0.161,NULL,6
385255598,16742855,100,7/31/2011,M1,1.317,NULL,6
385255599,16742855,100,6/30/2011,M1,-2.939,NULL,6
385255600,16742855,100,5/31/2011,M1,1.772,NULL,6
385255601,16742855,100,4/30/2011,M1,-9.347,NULL,6
385255602,16742855,100,3/31/2011,M1,-1.838,NULL,6
385255603,16742855,100,2/28/2011,M1,-2.312,NULL,6
385255604,16742855,100,1/31/2011,M1,5.272,NULL,6
385255610,16742856,100,12/31/2010,M1,-3.478,NULL,6
385255611,16742856,100,11/30/2010,M1,-6.504,NULL,6
385255612,16742856,100,10/31/2010,M1,-2.54,NULL,6
385255613,16742856,100,9/30/2010,M1,9.517,NULL,6
385255614,16742856,100,8/31/2010,M1,-2.407,NULL,6
385255615,16742856,100,7/31/2010,M1,-6.912,NULL,6
385255616,16742856,100,6/30/2010,M1,-3.349,NULL,6
385255617,16742856,100,5/31/2010,M1,4.648,NULL,6
385255618,16742856,100,4/30/2010,M1,5.772,NULL,6
385255619,16742856,100,3/31/2010,M1,1.683,NULL,6
385255620,16742856,100,2/28/2010,M1,3.718,NULL,6
385255621,16742856,100,1/31/2010,M1,-7.854,NULL,6
385255627,16742857,100,12/31/2009,M1,-3.891,NULL,6
385255628,16742857,100,11/30/2009,M1,-6.563,NULL,6
385255629,16742857,100,10/31/2009,M1,4.52,NULL,6
385255630,16742857,100,9/30/2009,M1,8.231,NULL,6
385255631,16742857,100,8/31/2009,M1,1.295,NULL,6
385255632,16742857,100,7/31/2009,M1,-6.768,NULL,6
385255633,16742857,100,6/30/2009,M1,-0.27,NULL,6
385255634,16742857,100,5/31/2009,M1,7.03,NULL,6
385255635,16742857,100,4/30/2009,M1,9.008,NULL,6
385255636,16742857,100,3/31/2009,M1,-8.833,NULL,6
385255637,16742857,100,2/28/2009,M1,-4.104,NULL,6
385255638,16742857,100,1/31/2009,M1,9.852,NULL,6
385255644,16742858,100,12/31/2008,M1,9.99,NULL,6
385255645,16742858,100,11/30/2008,M1,-8.675,NULL,6
385255646,16742858,100,10/31/2008,M1,8.364,NULL,6
385255647,16742858,100,9/30/2008,M1,-7.802,NULL,6
385255648,16742858,100,8/31/2008,M1,3.846,NULL,6
385255649,16742858,100,7/31/2008,M1,3.031,NULL,6
385255650,16742858,100,6/30/2008,M1,-7.121,NULL,6
385255651,16742858,100,5/31/2008,M1,6.436,NULL,6
385255652,16742858,100,4/30/2008,M1,-5.531,NULL,6
385255653,16742858,100,3/31/2008,M1,4.416,NULL,6
385255654,16742858,100,2/29/2008,M1,5.655,NULL,6
385255655,16742858,100,1/31/2008,M1,-0.334,NULL,6
385255661,16742859,100,12/31/2007,M1,-2.876,NULL,6
385255662,16742859,100,11/30/2007,M1,8.868,NULL,6
385255663,16742859,100,10/31/2007,M1,6.546,NULL,6
385255664,16742859,100,9/30/2007,M1,8.309,NULL,6
385255665,16742859,100,8/31/2007,M1,-9.809,NULL,6
385255666,16742859,100,7/31/2007,M1,-2.028,NULL,6
385255667,16742859,100,6/30/2007,M1,3.636,NULL,6
385255668,16742859,100,5/31/2007,M1,8.469,NULL,6
385255669,16742859,100,4/30/2007,M1,-6.602,NULL,6
385255670,16742859,100,3/31/2007,M1,8.227,NULL,6
385255671,16742859,100,2/28/2007,M1,8.4,NULL,6
385255672,16742859,100,1/31/2007,M1,-1.475,NULL,6
385255678,16742860,100,12/31/2006,M1,3.516,NULL,6
385255679,16742860,100,11/30/2006,M1,-9.092,NULL,6
385255680,16742860,100,10/31/2006,M1,-5.197,NULL,6
385255681,16742860,100,9/30/2006,M1,-6.467,NULL,6
385255682,16742860,100,8/31/2006,M1,-5.402,NULL,6
385255683,16742860,100,7/31/2006,M1,2.158,NULL,6
385255684,16742860,100,6/30/2006,M1,-0.312,NULL,6
385255685,16742860,100,5/31/2006,M1,-7.822,NULL,6
385255686,16742860,100,4/30/2006,M1,3.162,NULL,6
385255687,16742860,100,3/31/2006,M1,4.585,NULL,6
385255688,16742860,100,2/28/2006,M1,8.386,NULL,6
385255689,16742860,100,1/31/2006,M1,-5.861,NULL,6
385255695,16742861,100,12/31/2005,M1,-8.602,NULL,6
385255696,16742861,100,11/30/2005,M1,-3.157,NULL,6
385255697,16742861,100,10/31/2005,M1,-7.379,NULL,6
385255698,16742861,100,9/30/2005,M1,-0.591,NULL,6
385255699,16742861,100,8/31/2005,M1,0.152,NULL,6
385255700,16742861,100,7/31/2005,M1,7.116,NULL,6
385255701,16742861,100,6/30/2005,M1,-9.627,NULL,6
385255702,16742861,100,5/31/2005,M1,-5.49,NULL,6
385255703,16742861,100,4/30/2005,M1,1.963,NULL,6
385255704,16742861,100,3/31/2005,M1,-1.964,NULL,6
385255705,16742861,100,2/28/2005,M1,9.139,NULL,6
385255706,16742861,100,1/31/2005,M1,6.099,NULL,6
385255712,16742862,100,12/31/2004,M1,-3.234,NULL,6
385255713,16742862,100,11/30/2004,M1,4.329,NULL,6
385255714,16742862,100,10/31/2004,M1,-0.812,NULL,6
385255715,16742862,100,9/30/2004,M1,-1.304,NULL,6
385255716,16742862,100,8/31/2004,M1,-6.654,NULL,6
385255717,16742862,100,7/31/2004,M1,9.059,NULL,6
385255718,16742862,100,6/30/2004,M1,4.437,NULL,6
385255719,16742862,100,5/31/2004,M1,8.376,NULL,6
385255720,16742862,100,4/30/2004,M1,-4.536,NULL,6
385255721,16742862,100,3/31/2004,M1,9.762,NULL,6
385255722,16742862,100,2/29/2004,M1,-0.959,NULL,6
385255723,16742862,100,1/31/2004,M1,6.468,NULL,6
385255729,16742863,100,12/31/2003,M1,-7.56,NULL,6
385255730,16742863,100,11/30/2003,M1,3.032,NULL,6
385255731,16742863,100,10/31/2003,M1,3.552,NULL,6
385255732,16742863,100,9/30/2003,M1,-5.157,NULL,6
385255733,16742863,100,8/31/2003,M1,8.926,NULL,6
385255734,16742863,100,7/31/2003,M1,-2.381,NULL,6
385255735,16742863,100,6/30/2003,M1,7.702,NULL,6
385255736,16742863,100,5/31/2003,M1,-3.737,NULL,6
385255737,16742863,100,4/30/2003,M1,4.968,NULL,6
385255738,16742863,100,3/31/2003,M1,-6.688,NULL,6
385255739,16742863,100,2/28/2003,M1,2.638,NULL,6
385255740,16742863,100,1/31/2003,M1,-0.62,NULL,6
385255746,16742864,100,12/31/2002,M1,6.669,NULL,6
385255747,16742864,100,11/30/2002,M1,6.983,NULL,6
385255748,16742864,100,10/31/2002,M1,7.529,NULL,6
385255749,16742864,100,9/30/2002,M1,7.836,NULL,6
385255750,16742864,100,8/31/2002,M1,6.604,NULL,6
385255751,16742864,100,7/31/2002,M1,-6.135,NULL,6
385255752,16742864,100,6/30/2002,M1,-1.712,NULL,6
385255753,16742864,100,5/31/2002,M1,-7.443,NULL,6
385255754,16742864,100,4/30/2002,M1,7.376,NULL,6
385255755,16742864,100,3/31/2002,M1,-2.756,NULL,6
385255756,16742864,100,2/28/2002,M1,6.565,NULL,6
385255757,16742864,100,1/31/2002,M1,8.151,NULL,6
385255763,16742865,100,12/31/2001,M1,7.001,NULL,6
385255764,16742865,100,11/30/2001,M1,-1.385,NULL,6
385255765,16742865,100,10/31/2001,M1,-0.202,NULL,6
385255766,16742865,100,9/30/2001,M1,0.865,NULL,6
385255767,16742865,100,8/31/2001,M1,-9.152,NULL,6
385255768,16742865,100,7/31/2001,M1,3.354,NULL,6
385255769,16742865,100,6/30/2001,M1,-2.549,NULL,6
385255770,16742865,100,5/31/2001,M1,4.036,NULL,6
385255771,16742865,100,4/30/2001,M1,6.223,NULL,6
385255772,16742865,100,3/31/2001,M1,9.29,NULL,6
385255773,16742865,100,2/28/2001,M1,-3.608,NULL,6
385255774,16742865,100,1/31/2001,M1,-2.318,NULL,6
385255780,16742866,100,12/31/2000,M1,4.953,NULL,6
385255781,16742866,100,11/30/2000,M1,6.978,NULL,6
385255782,16742866,100,10/31/2000,M1,-1.624,NULL,6
385255783,16742866,100,9/30/2000,M1,-9.748,NULL,6
385255784,16742866,100,8/31/2000,M1,0.594,NULL,6
385255785,16742866,100,7/31/2000,M1,6.515,NULL,6
385255786,16742866,100,6/30/2000,M1,-6.656,NULL,6
385255787,16742866,100,5/31/2000,M1,-6.669,NULL,6
385255788,16742866,100,4/30/2000,M1,2.48,NULL,6
385255789,16742866,100,3/31/2000,M1,-3.81,NULL,6
385255790,16742866,100,2/29/2000,M1,7.312,NULL,6
385255791,16742866,100,1/31/2000,M1,3.144,NULL,6
385255797,16742867,100,12/31/1999,M1,-0.075,NULL,6
385255798,16742867,100,11/30/1999,M1,5.286,NULL,6
385255799,16742867,100,10/31/1999,M1,1.731,NULL,6
385255800,16742867,100,9/30/1999,M1,2.916,NULL,6
385255801,16742867,100,8/31/1999,M1,3.799,NULL,6
385255802,16742867,100,7/31/1999,M1,-4.735,NULL,6
385255803,16742867,100,6/30/1999,M1,5.759,NULL,6
385255804,16742867,100,5/31/1999,M1,-1.167,NULL,6
385255805,16742867,100,4/30/1999,M1,-9.286,NULL,6
385255806,16742867,100,3/31/1999,M1,-1.494,NULL,6
385255807,16742867,100,2/28/1999,M1,-8.179,NULL,6
385255808,16742867,100,1/31/1999,M1,-2.697,NULL,6
385255816,16742868,100,12/31/1995,M1,-2.128,NULL,6
385255817,16742868,100,11/30/1995,M1,-1.703,NULL,6
385255818,16742868,100,10/31/1995,M1,-7.222,NULL,6
385255819,16742868,100,9/30/1995,M1,8.312,NULL,6
385255820,16742868,100,8/31/1995,M1,-3.356,NULL,6
385255821,16742868,100,7/31/1995,M1,-4.881,NULL,6
385255822,16742868,100,6/30/1995,M1,5.57,NULL,6
385255823,16742868,100,5/31/1995,M1,3.981,NULL,6
385255824,16742868,100,4/30/1995,M1,0.128,NULL,6
385255825,16742868,100,3/31/1995,M1,-2.546,NULL,6
385255826,16742868,100,2/28/1995,M1,3.123,NULL,6
385255827,16742868,100,1/31/1995,M1,-1.664,NULL,6
385255835,16742869,100,12/31/1994,M1,6.782,NULL,6
385255836,16742869,100,11/30/1994,M1,-7.912,NULL,6
385255837,16742869,100,10/31/1994,M1,-2.178,NULL,6
385255838,16742869,100,9/30/1994,M1,3.135,NULL,6
385255839,16742869,100,8/31/1994,M1,6.077,NULL,6
385255840,16742869,100,7/31/1994,M1,7.28,NULL,6
385255841,16742869,100,6/30/1994,M1,-3.343,NULL,6
385255842,16742869,100,5/31/1994,M1,8.823,NULL,6
385255843,16742869,100,4/30/1994,M1,5.918,NULL,6
385255844,16742869,100,3/31/1994,M1,7.67,NULL,6
385255845,16742869,100,2/28/1994,M1,9.162,NULL,6
385255846,16742869,100,1/31/1994,M1,-6.373,NULL,6
385255854,16742870,100,12/31/1993,M1,1.667,NULL,6
385255855,16742870,100,11/30/1993,M1,4.096,NULL,6
385255856,16742870,100,10/31/1993,M1,9.156,NULL,6
385255857,16742870,100,9/30/1993,M1,1.793,NULL,6
385255858,16742870,100,8/31/1993,M1,3.272,NULL,6
385255859,16742870,100,7/31/1993,M1,6.52,NULL,6
385255860,16742870,100,6/30/1993,M1,5.136,NULL,6
385255861,16742870,100,5/31/1993,M1,-1.924,NULL,6
385255862,16742870,100,4/30/1993,M1,-4.686,NULL,6
385255863,16742870,100,3/31/1993,M1,-4.842,NULL,6
385255864,16742870,100,2/28/1993,M1,-7.659,NULL,6
385255865,16742870,100,1/31/1993,M1,8.417,NULL,6
385255873,16742871,100,12/31/1992,M1,-0.35,NULL,6
385255874,16742871,100,11/30/1992,M1,9.421,NULL,6
385255875,16742871,100,10/31/1992,M1,-9.388,NULL,6
385255876,16742871,100,9/30/1992,M1,9.138,NULL,6
385255877,16742871,100,8/31/1992,M1,-4.987,NULL,6
385255878,16742871,100,7/31/1992,M1,3.23,NULL,6
385255879,16742871,100,6/30/1992,M1,0.815,NULL,6
385255880,16742871,100,5/31/1992,M1,-0.912,NULL,6
385255881,16742871,100,4/30/1992,M1,8.913,NULL,6
385255882,16742871,100,3/31/1992,M1,-6.601,NULL,6
385255883,16742871,100,2/29/1992,M1,-2.987,NULL,6
385255884,16742871,100,1/31/1992,M1,2.956,NULL,6
385255892,16742872,100,12/31/1991,M1,7.059,NULL,6
385255893,16742872,100,11/30/1991,M1,-0.969,NULL,6
385255894,16742872,100,10/31/1991,M1,-4.647,NULL,6
385255895,16742872,100,9/30/1991,M1,5.851,NULL,6
385255896,16742872,100,8/31/1991,M1,6.582,NULL,6
385255897,16742872,100,7/31/1991,M1,-2.864,NULL,6
385255898,16742872,100,6/30/1991,M1,2.461,NULL,6
385255899,16742872,100,5/31/1991,M1,0.213,NULL,6
385255900,16742872,100,4/30/1991,M1,-3.286,NULL,6
385255901,16742872,100,3/31/1991,M1,2.429,NULL,6
385255902,16742872,100,2/28/1991,M1,7.734,NULL,6
385255903,16742872,100,1/31/1991,M1,-2.744,NULL,6
385255911,16742873,100,12/31/1990,M1,-5.742,NULL,6
385255912,16742873,100,11/30/1990,M1,-9.417,NULL,6
385255913,16742873,100,10/31/1990,M1,-2.788,NULL,6
385255914,16742873,100,9/30/1990,M1,-9.057,NULL,6
385255915,16742873,100,8/31/1990,M1,6.542,NULL,6
385255916,16742873,100,7/31/1990,M1,2.036,NULL,6
385255917,16742873,100,6/30/1990,M1,1.735,NULL,6
385255918,16742873,100,5/31/1990,M1,-6.205,NULL,6
385255919,16742873,100,4/30/1990,M1,5.044,NULL,6
385255920,16742873,100,3/31/1990,M1,-5.118,NULL,6
385255921,16742873,100,2/28/1990,M1,-7.833,NULL,6
385255922,16742873,100,1/31/1990,M1,-8.569,NULL,6
385255930,16742874,100,12/31/1989,M1,3.131,NULL,6
385255931,16742874,100,11/30/1989,M1,-6.761,NULL,6
385255932,16742874,100,10/31/1989,M1,-4.041,NULL,6
385255933,16742874,100,9/30/1989,M1,-1.62,NULL,6
385255934,16742874,100,8/31/1989,M1,-2.117,NULL,6
385255935,16742874,100,7/31/1989,M1,-4.123,NULL,6
385255936,16742874,100,6/30/1989,M1,6.056,NULL,6
385255937,16742874,100,5/31/1989,M1,-0.599,NULL,6
385255938,16742874,100,4/30/1989,M1,-8.647,NULL,6
385255939,16742874,100,3/31/1989,M1,-6.586,NULL,6
385255940,16742874,100,2/28/1989,M1,2.377,NULL,6
385255941,16742874,100,1/31/1989,M1,-9.515,NULL,6
385255949,16742875,100,12/31/1988,M1,7.463,NULL,6
385255950,16742875,100,11/30/1988,M1,1.679,NULL,6
385255951,16742875,100,10/31/1988,M1,-9.888,NULL,6
385255952,16742875,100,9/30/1988,M1,7.049,NULL,6
385255953,16742875,100,8/31/1988,M1,-1.046,NULL,6
385255954,16742875,100,7/31/1988,M1,7.386,NULL,6
385255955,16742875,100,6/30/1988,M1,-6.701,NULL,6
385255956,16742875,100,5/31/1988,M1,1.818,NULL,6
385255957,16742875,100,4/30/1988,M1,-9.148,NULL,6
385255958,16742875,100,3/31/1988,M1,3.744,NULL,6
385255959,16742875,100,2/29/1988,M1,-7.622,NULL,6
385255960,16742875,100,1/31/1988,M1,0.972,NULL,6
385255966,16742876,100,12/31/1987,M1,-8.39,NULL,6
385255967,16742876,100,11/30/1987,M1,8.698,NULL,6
385255968,16742876,100,10/31/1987,M1,4.965,NULL,6
385255969,16742876,100,9/30/1987,M1,4.97,NULL,6
385255970,16742876,100,8/31/1987,M1,2.8,NULL,6
385255971,16742876,100,7/31/1987,M1,-1.634,NULL,6
385255972,16742876,100,6/30/1987,M1,6.371,NULL,6
385255973,16742876,100,5/31/1987,M1,-0.564,NULL,6
385255974,16742876,100,4/30/1987,M1,-0.483,NULL,6
385255975,16742876,100,3/31/1987,M1,-7.183,NULL,6
385255976,16742876,100,2/28/1987,M1,-2.47,NULL,6
385255982,16742877,100,12/31/1998,M1,6.695,NULL,6
385255983,16742877,100,11/30/1998,M1,-5.815,NULL,6
385255984,16742877,100,10/31/1998,M1,-8.585,NULL,6
385255985,16742877,100,9/30/1998,M1,-2.401,NULL,6
385255986,16742877,100,8/31/1998,M1,0.013,NULL,6
385255987,16742877,100,7/31/1998,M1,-5.752,NULL,6
385255988,16742877,100,6/30/1998,M1,8.586,NULL,6
385255989,16742877,100,5/31/1998,M1,-8.999,NULL,6
385255990,16742877,100,4/30/1998,M1,-3.364,NULL,6
385255991,16742877,100,3/31/1998,M1,1.556,NULL,6
385255992,16742877,100,2/28/1998,M1,-1.177,NULL,6
385255993,16742877,100,1/31/1998,M1,9.641,NULL,6
385255999,16742878,100,12/31/1997,M1,1.507,NULL,6
385256000,16742878,100,11/30/1997,M1,-2.993,NULL,6
385256001,16742878,100,10/31/1997,M1,-5.465,NULL,6
385256002,16742878,100,9/30/1997,M1,2.161,NULL,6
385256003,16742878,100,8/31/1997,M1,1.416,NULL,6
385256004,16742878,100,7/31/1997,M1,4.318,NULL,6
385256005,16742878,100,6/30/1997,M1,1.684,NULL,6
385256006,16742878,100,5/31/1997,M1,-5.752,NULL,6
385256007,16742878,100,4/30/1997,M1,-9.338,NULL,6
385256008,16742878,100,3/31/1997,M1,9.935,NULL,6
385256009,16742878,100,2/28/1997,M1,0.144,NULL,6
385256010,16742878,100,1/31/1997,M1,-0.204,NULL,6
385256016,16742879,100,12/31/1996,M1,5.482,NULL,6
385256017,16742879,100,11/30/1996,M1,5.89,NULL,6
385256018,16742879,100,10/31/1996,M1,-9.695,NULL,6
385256019,16742879,100,9/30/1996,M1,-2.012,NULL,6
385256020,16742879,100,8/31/1996,M1,-7.646,NULL,6
385256021,16742879,100,7/31/1996,M1,0.051,NULL,6
385256022,16742879,100,6/30/1996,M1,-6.067,NULL,6
385256023,16742879,100,5/31/1996,M1,-0.692,NULL,6
385256024,16742879,100,4/30/1996,M1,7.105,NULL,6
385256025,16742879,100,3/31/1996,M1,-6.813,NULL,6
385256026,16742879,100,2/29/1996,M1,-2.88,NULL,6
385256027,16742879,100,1/31/1996,M1,-8.415,NULL,6
385256031,16742880,101,10/31/2013,M1,-8.884,NULL,6
385256032,16742880,101,9/30/2013,M1,-1.198,NULL,6
385256033,16742880,101,8/31/2013,M1,7.618,NULL,6
385256034,16742880,101,7/31/2013,M1,-6.497,NULL,6
385256035,16742880,101,6/30/2013,M1,-4.899,NULL,6
385256036,16742880,101,5/31/2013,M1,4.407,NULL,6
385256037,16742880,101,4/30/2013,M1,-7.687,NULL,6
385256038,16742880,101,3/31/2013,M1,-8.883,NULL,6
385256039,16742880,101,2/28/2013,M1,1.407,NULL,6
385256040,16742880,101,1/31/2013,M1,4.181,NULL,6
385256046,16742881,101,12/31/2012,M1,0.855,NULL,6
385256047,16742881,101,11/30/2012,M1,5.275,NULL,6
385256048,16742881,101,10/31/2012,M1,-9.212,NULL,6
385256049,16742881,101,9/30/2012,M1,0.721,NULL,6
385256050,16742881,101,8/31/2012,M1,-5.087,NULL,6
385256051,16742881,101,7/31/2012,M1,-3.322,NULL,6
385256052,16742881,101,6/30/2012,M1,-4.464,NULL,6
385256053,16742881,101,5/31/2012,M1,2.1,NULL,6
385256054,16742881,101,4/30/2012,M1,-0.894,NULL,6
385256055,16742881,101,3/31/2012,M1,-8.717,NULL,6
385256056,16742881,101,2/29/2012,M1,2.186,NULL,6
385256057,16742881,101,1/31/2012,M1,2.533,NULL,6
385256063,16742882,101,12/31/2011,M1,-2.236,NULL,6
385256064,16742882,101,11/30/2011,M1,3.687,NULL,6
385256065,16742882,101,10/31/2011,M1,7.478,NULL,6
385256066,16742882,101,9/30/2011,M1,4.26,NULL,6
385256067,16742882,101,8/31/2011,M1,5.422,NULL,6
385256068,16742882,101,7/31/2011,M1,8.089,NULL,6
385256069,16742882,101,6/30/2011,M1,7.012,NULL,6
385256070,16742882,101,5/31/2011,M1,-8.341,NULL,6
385256071,16742882,101,4/30/2011,M1,-3.718,NULL,6
385256072,16742882,101,3/31/2011,M1,0.261,NULL,6
385256073,16742882,101,2/28/2011,M1,8.636,NULL,6
385256074,16742882,101,1/31/2011,M1,5.823,NULL,6
385256080,16742883,101,12/31/2010,M1,-9.266,NULL,6
385256081,16742883,101,11/30/2010,M1,5.076,NULL,6
385256082,16742883,101,10/31/2010,M1,4.322,NULL,6
385256083,16742883,101,9/30/2010,M1,8.054,NULL,6
385256084,16742883,101,8/31/2010,M1,-7.098,NULL,6
385256085,16742883,101,7/31/2010,M1,-6.745,NULL,6
385256086,16742883,101,6/30/2010,M1,-7.631,NULL,6
385256087,16742883,101,5/31/2010,M1,9.416,NULL,6
385256088,16742883,101,4/30/2010,M1,-5.194,NULL,6
385256089,16742883,101,3/31/2010,M1,4.335,NULL,6
385256090,16742883,101,2/28/2010,M1,5.589,NULL,6
385256091,16742883,101,1/31/2010,M1,5.938,NULL,6
385256097,16742884,101,12/31/2009,M1,2.665,NULL,6
385256098,16742884,101,11/30/2009,M1,0.55,NULL,6
385256099,16742884,101,10/31/2009,M1,2.899,NULL,6
385256100,16742884,101,9/30/2009,M1,3.977,NULL,6
385256101,16742884,101,8/31/2009,M1,7.32,NULL,6
385256102,16742884,101,7/31/2009,M1,-2.952,NULL,6
385256103,16742884,101,6/30/2009,M1,-5.417,NULL,6
385256104,16742884,101,5/31/2009,M1,7.048,NULL,6
385256105,16742884,101,4/30/2009,M1,3.088,NULL,6
385256106,16742884,101,3/31/2009,M1,-1.776,NULL,6
385256107,16742884,101,2/28/2009,M1,5.377,NULL,6
385256108,16742884,101,1/31/2009,M1,5.806,NULL,6
385256114,16742885,101,12/31/2008,M1,-8.801,NULL,6
385256115,16742885,101,11/30/2008,M1,-1.161,NULL,6
385256116,16742885,101,10/31/2008,M1,1.209,NULL,6
385256117,16742885,101,9/30/2008,M1,2.183,NULL,6
385256118,16742885,101,8/31/2008,M1,6.177,NULL,6
385256119,16742885,101,7/31/2008,M1,5.445,NULL,6
385256120,16742885,101,6/30/2008,M1,5.881,NULL,6
385256121,16742885,101,5/31/2008,M1,2.751,NULL,6
385256122,16742885,101,4/30/2008,M1,-3.571,NULL,6
385256123,16742885,101,3/31/2008,M1,0.601,NULL,6
385256124,16742885,101,2/29/2008,M1,3.165,NULL,6
385256125,16742885,101,1/31/2008,M1,7.812,NULL,6
385256131,16742886,101,12/31/2007,M1,-9.344,NULL,6
385256132,16742886,101,11/30/2007,M1,-7.143,NULL,6
385256133,16742886,101,10/31/2007,M1,9.149,NULL,6
385256134,16742886,101,9/30/2007,M1,3.69,NULL,6
385256135,16742886,101,8/31/2007,M1,8.332,NULL,6
385256136,16742886,101,7/31/2007,M1,-4.725,NULL,6
385256137,16742886,101,6/30/2007,M1,-9.242,NULL,6
385256138,16742886,101,5/31/2007,M1,-6.858,NULL,6
385256139,16742886,101,4/30/2007,M1,-0.507,NULL,6
385256140,16742886,101,3/31/2007,M1,8.678,NULL,6
385256141,16742886,101,2/28/2007,M1,-6.901,NULL,6
385256142,16742886,101,1/31/2007,M1,-3.368,NULL,6
385256148,16742887,101,12/31/2006,M1,0.273,NULL,6
385256149,16742887,101,11/30/2006,M1,3.19,NULL,6
385256150,16742887,101,10/31/2006,M1,7.105,NULL,6
385256151,16742887,101,9/30/2006,M1,-7.836,NULL,6
385256152,16742887,101,8/31/2006,M1,-6.987,NULL,6
385256153,16742887,101,7/31/2006,M1,-4.935,NULL,6
385256154,16742887,101,6/30/2006,M1,-3.575,NULL,6
385256155,16742887,101,5/31/2006,M1,3.9,NULL,6
385256156,16742887,101,4/30/2006,M1,2.888,NULL,6
385256157,16742887,101,3/31/2006,M1,4.978,NULL,6
385256158,16742887,101,2/28/2006,M1,-9.089,NULL,6
385256159,16742887,101,1/31/2006,M1,-7.949,NULL,6
385256165,16742888,101,12/31/2005,M1,6.946,NULL,6
385256166,16742888,101,11/30/2005,M1,-9.299,NULL,6
385256167,16742888,101,10/31/2005,M1,-5.308,NULL,6
385256168,16742888,101,9/30/2005,M1,-4.436,NULL,6
385256169,16742888,101,8/31/2005,M1,7.478,NULL,6
385256170,16742888,101,7/31/2005,M1,-4.918,NULL,6
385256171,16742888,101,6/30/2005,M1,4.616,NULL,6
385256172,16742888,101,5/31/2005,M1,5.765,NULL,6
385256173,16742888,101,4/30/2005,M1,7.182,NULL,6
385256174,16742888,101,3/31/2005,M1,-6.828,NULL,6
385256175,16742888,101,2/28/2005,M1,-2.833,NULL,6
385256176,16742888,101,1/31/2005,M1,4.425,NULL,6
385256182,16742889,101,12/31/2004,M1,-0.787,NULL,6
385256183,16742889,101,11/30/2004,M1,-2.403,NULL,6
385256184,16742889,101,10/31/2004,M1,-7.886,NULL,6
385256185,16742889,101,9/30/2004,M1,9.513,NULL,6
385256186,16742889,101,8/31/2004,M1,-7.875,NULL,6
385256187,16742889,101,7/31/2004,M1,-1.734,NULL,6
385256188,16742889,101,6/30/2004,M1,0.784,NULL,6
385256189,16742889,101,5/31/2004,M1,-7.889,NULL,6
385256190,16742889,101,4/30/2004,M1,0.89,NULL,6
385256191,16742889,101,3/31/2004,M1,-1.845,NULL,6
385256192,16742889,101,2/29/2004,M1,2.885,NULL,6
385256193,16742889,101,1/31/2004,M1,-9.131,NULL,6
385256199,16742890,101,12/31/2003,M1,-8.99,NULL,6
385256200,16742890,101,11/30/2003,M1,3.359,NULL,6
385256201,16742890,101,10/31/2003,M1,7.834,NULL,6
385256202,16742890,101,9/30/2003,M1,-8.955,NULL,6
385256203,16742890,101,8/31/2003,M1,-3.634,NULL,6
385256204,16742890,101,7/31/2003,M1,0.347,NULL,6
385256205,16742890,101,6/30/2003,M1,-9.015,NULL,6
385256206,16742890,101,5/31/2003,M1,-2.177,NULL,6
385256207,16742890,101,4/30/2003,M1,7.282,NULL,6
385256208,16742890,101,3/31/2003,M1,-1.638,NULL,6
385256209,16742890,101,2/28/2003,M1,-8.713,NULL,6
385256210,16742890,101,1/31/2003,M1,-9.554,NULL,6
385256216,16742891,101,12/31/2002,M1,-5.211,NULL,6
385256217,16742891,101,11/30/2002,M1,-7.117,NULL,6
385256218,16742891,101,10/31/2002,M1,1.408,NULL,6
385256219,16742891,101,9/30/2002,M1,-9.723,NULL,6
385256220,16742891,101,8/31/2002,M1,-9.211,NULL,6
385256221,16742891,101,7/31/2002,M1,3.99,NULL,6
385256222,16742891,101,6/30/2002,M1,4.787,NULL,6
385256223,16742891,101,5/31/2002,M1,-6.842,NULL,6
385256224,16742891,101,4/30/2002,M1,4.06,NULL,6
385256225,16742891,101,3/31/2002,M1,8.115,NULL,6
385256226,16742891,101,2/28/2002,M1,5.523,NULL,6
385256227,16742891,101,1/31/2002,M1,-9.152,NULL,6
385256233,16742892,101,12/31/2001,M1,-3.889,NULL,6
385256234,16742892,101,11/30/2001,M1,2.791,NULL,6
385256235,16742892,101,10/31/2001,M1,-5.753,NULL,6
385256236,16742892,101,9/30/2001,M1,3.873,NULL,6
385256237,16742892,101,8/31/2001,M1,-7.198,NULL,6
385256238,16742892,101,7/31/2001,M1,8.194,NULL,6
385256239,16742892,101,6/30/2001,M1,0.413,NULL,6
385256240,16742892,101,5/31/2001,M1,8.233,NULL,6
385256241,16742892,101,4/30/2001,M1,-8.852,NULL,6
385256242,16742892,101,3/31/2001,M1,-0.519,NULL,6
385256243,16742892,101,2/28/2001,M1,-1.552,NULL,6
385256244,16742892,101,1/31/2001,M1,-1.114,NULL,6
385256250,16742893,101,12/31/2000,M1,-4.64,NULL,6
385256251,16742893,101,11/30/2000,M1,5.405,NULL,6
385256252,16742893,101,10/31/2000,M1,-0.245,NULL,6
385256253,16742893,101,9/30/2000,M1,1.97,NULL,6
385256254,16742893,101,8/31/2000,M1,-3.669,NULL,6
385256255,16742893,101,7/31/2000,M1,-8.772,NULL,6
385256256,16742893,101,6/30/2000,M1,2.541,NULL,6
385256257,16742893,101,5/31/2000,M1,-5.264,NULL,6
385256258,16742893,101,4/30/2000,M1,-1.555,NULL,6
385256259,16742893,101,3/31/2000,M1,-1.775,NULL,6
385256260,16742893,101,2/29/2000,M1,2.305,NULL,6
385256261,16742893,101,1/31/2000,M1,-3.628,NULL,6
385256267,16742894,101,12/31/1999,M1,-7.861,NULL,6
385256268,16742894,101,11/30/1999,M1,3.586,NULL,6
385256269,16742894,101,10/31/1999,M1,-9.695,NULL,6
385256270,16742894,101,9/30/1999,M1,-8.696,NULL,6
385256271,16742894,101,8/31/1999,M1,-3.611,NULL,6
385256272,16742894,101,7/31/1999,M1,4.033,NULL,6
385256273,16742894,101,6/30/1999,M1,0.351,NULL,6
385256274,16742894,101,5/31/1999,M1,-0.542,NULL,6
385256275,16742894,101,4/30/1999,M1,-7.754,NULL,6
385256276,16742894,101,3/31/1999,M1,-6.805,NULL,6
385256277,16742894,101,2/28/1999,M1,6.451,NULL,6
385256278,16742894,101,1/31/1999,M1,6.121,NULL,6
385256286,16742895,101,12/31/1995,M1,-7.683,NULL,6
385256287,16742895,101,11/30/1995,M1,-2.684,NULL,6
385256288,16742895,101,10/31/1995,M1,-0.948,NULL,6
385256289,16742895,101,9/30/1995,M1,-0.176,NULL,6
385256290,16742895,101,8/31/1995,M1,-0.274,NULL,6
385256291,16742895,101,7/31/1995,M1,-5.087,NULL,6
385256292,16742895,101,6/30/1995,M1,-9.152,NULL,6
385256293,16742895,101,5/31/1995,M1,-7.997,NULL,6
385256294,16742895,101,4/30/1995,M1,-0.659,NULL,6
385256295,16742895,101,3/31/1995,M1,6.898,NULL,6
385256296,16742895,101,2/28/1995,M1,-5.195,NULL,6
385256297,16742895,101,1/31/1995,M1,-1.105,NULL,6
385256305,16742896,101,12/31/1994,M1,6.024,NULL,6
385256306,16742896,101,11/30/1994,M1,-7.63,NULL,6
385256307,16742896,101,10/31/1994,M1,-2.392,NULL,6
385256308,16742896,101,9/30/1994,M1,-4.28,NULL,6
385256309,16742896,101,8/31/1994,M1,2.971,NULL,6
385256310,16742896,101,7/31/1994,M1,-1.675,NULL,6
385256311,16742896,101,6/30/1994,M1,5.689,NULL,6
385256312,16742896,101,5/31/1994,M1,1.303,NULL,6
385256313,16742896,101,4/30/1994,M1,4.679,NULL,6
385256314,16742896,101,3/31/1994,M1,-7.764,NULL,6
385256315,16742896,101,2/28/1994,M1,4.102,NULL,6
385256316,16742896,101,1/31/1994,M1,-9.552,NULL,6
385256324,16742897,101,12/31/1993,M1,6.28,NULL,6
385256325,16742897,101,11/30/1993,M1,4.392,NULL,6
385256326,16742897,101,10/31/1993,M1,-4.905,NULL,6
385256327,16742897,101,9/30/1993,M1,-9.551,NULL,6
385256328,16742897,101,8/31/1993,M1,-0.625,NULL,6
385256329,16742897,101,7/31/1993,M1,-5.011,NULL,6
385256330,16742897,101,6/30/1993,M1,-9.982,NULL,6
385256331,16742897,101,5/31/1993,M1,-2.426,NULL,6
385256332,16742897,101,4/30/1993,M1,3.89,NULL,6
385256333,16742897,101,3/31/1993,M1,7.98,NULL,6
385256334,16742897,101,2/28/1993,M1,-5.049,NULL,6
385256335,16742897,101,1/31/1993,M1,-6.937,NULL,6
385256343,16742898,101,12/31/1992,M1,-2.554,NULL,6
385256344,16742898,101,11/30/1992,M1,-6.94,NULL,6
385256345,16742898,101,10/31/1992,M1,0.251,NULL,6
385256346,16742898,101,9/30/1992,M1,-9.244,NULL,6
385256347,16742898,101,8/31/1992,M1,-3.801,NULL,6
385256348,16742898,101,7/31/1992,M1,1.643,NULL,6
385256349,16742898,101,6/30/1992,M1,7.087,NULL,6
385256350,16742898,101,5/31/1992,M1,-7.469,NULL,6
385256351,16742898,101,4/30/1992,M1,-2.025,NULL,6
385256352,16742898,101,3/31/1992,M1,3.419,NULL,6
385256353,16742898,101,2/29/1992,M1,8.862,NULL,6
385256354,16742898,101,1/31/1992,M1,-5.694,NULL,6
385256362,16742899,101,12/31/1991,M1,-0.25,NULL,6
385256363,16742899,101,11/30/1991,M1,5.194,NULL,6
385256364,16742899,101,10/31/1991,M1,-9.362,NULL,6
385256365,16742899,101,9/30/1991,M1,-3.918,NULL,6
385256366,16742899,101,8/31/1991,M1,1.525,NULL,6
385256367,16742899,101,7/31/1991,M1,6.969,NULL,6
385256368,16742899,101,6/30/1991,M1,-7.587,NULL,6
385256369,16742899,101,5/31/1991,M1,-2.143,NULL,6
385256370,16742899,101,4/30/1991,M1,3.301,NULL,6
385256371,16742899,101,3/31/1991,M1,8.745,NULL,6
385256372,16742899,101,2/28/1991,M1,-5.812,NULL,6
385256373,16742899,101,1/31/1991,M1,-0.368,NULL,6
385256381,16742900,101,12/31/1990,M1,5.076,NULL,6
385256382,16742900,101,11/30/1990,M1,-9.48,NULL,6
385256383,16742900,101,10/31/1990,M1,-4.036,NULL,6
385256384,16742900,101,9/30/1990,M1,1.407,NULL,6
385256385,16742900,101,8/31/1990,M1,6.851,NULL,6
385256386,16742900,101,7/31/1990,M1,-7.705,NULL,6
385256387,16742900,101,6/30/1990,M1,-2.261,NULL,6
385256388,16742900,101,5/31/1990,M1,3.183,NULL,6
385256389,16742900,101,4/30/1990,M1,8.627,NULL,6
385256390,16742900,101,3/31/1990,M1,-5.93,NULL,6
385256391,16742900,101,2/28/1990,M1,-2.972,NULL,6
385256392,16742900,101,1/31/1990,M1,6.649,NULL,6
385256400,16742901,101,12/31/1989,M1,-3.731,NULL,6
385256401,16742901,101,11/30/1989,M1,5.89,NULL,6
385256402,16742901,101,10/31/1989,M1,-4.49,NULL,6
385256403,16742901,101,9/30/1989,M1,5.13,NULL,6
385256404,16742901,101,8/31/1989,M1,-5.249,NULL,6
385256405,16742901,101,7/31/1989,M1,4.371,NULL,6
385256406,16742901,101,6/30/1989,M1,-6.008,NULL,6
385256407,16742901,101,5/31/1989,M1,3.612,NULL,6
385256408,16742901,101,4/30/1989,M1,-6.767,NULL,6
385256409,16742901,101,3/31/1989,M1,2.853,NULL,6
385256410,16742901,101,2/28/1989,M1,-7.527,NULL,6
385256411,16742901,101,1/31/1989,M1,2.094,NULL,6
385256419,16742902,101,12/31/1988,M1,-8.286,NULL,6
385256420,16742902,101,11/30/1988,M1,1.335,NULL,6
385256421,16742902,101,10/31/1988,M1,-9.045,NULL,6
385256422,16742902,101,9/30/1988,M1,0.576,NULL,6
385256423,16742902,101,8/31/1988,M1,-9.804,NULL,6
385256424,16742902,101,7/31/1988,M1,-0.184,NULL,6
385256425,16742902,101,6/30/1988,M1,9.437,NULL,6
385256426,16742902,101,5/31/1988,M1,-0.943,NULL,6
385256427,16742902,101,4/30/1988,M1,8.678,NULL,6
385256428,16742902,101,3/31/1988,M1,-1.702,NULL,6
385256429,16742902,101,2/29/1988,M1,7.919,NULL,6
385256430,16742902,101,1/31/1988,M1,-2.461,NULL,6
385256436,16742903,101,12/31/1987,M1,7.159,NULL,6
385256437,16742903,101,11/30/1987,M1,-3.22,NULL,6
385256438,16742903,101,10/31/1987,M1,6.4,NULL,6
385256439,16742903,101,9/30/1987,M1,-3.979,NULL,6
385256440,16742903,101,8/31/1987,M1,5.641,NULL,6
385256441,16742903,101,7/31/1987,M1,4.807,NULL,6
385256442,16742903,101,6/30/1987,M1,3.991,NULL,6
385256443,16742903,101,5/31/1987,M1,9.256,NULL,6
385256444,16742903,101,4/30/1987,M1,-6.024,NULL,6
385256445,16742903,101,3/31/1987,M1,-7.74,NULL,6
385256446,16742903,101,2/28/1987,M1,3.695,NULL,6
385256452,16742904,101,12/31/1998,M1,3.324,NULL,6
385256453,16742904,101,11/30/1998,M1,-0.673,NULL,6
385256454,16742904,101,10/31/1998,M1,-8.795,NULL,6
385256455,16742904,101,9/30/1998,M1,-9.682,NULL,6
385256456,16742904,101,8/31/1998,M1,-4.417,NULL,6
385256457,16742904,101,7/31/1998,M1,3.74,NULL,6
385256458,16742904,101,6/30/1998,M1,-7.616,NULL,6
385256459,16742904,101,5/31/1998,M1,3.68,NULL,6
385256460,16742904,101,4/30/1998,M1,1.964,NULL,6
385256461,16742904,101,3/31/1998,M1,-8.311,NULL,6
385256462,16742904,101,2/28/1998,M1,6.221,NULL,6
385256463,16742904,101,1/31/1998,M1,-9.407,NULL,6
385256469,16742905,101,12/31/1997,M1,2.47,NULL,6
385256470,16742905,101,11/30/1997,M1,7.176,NULL,6
385256471,16742905,101,10/31/1997,M1,1.91,NULL,6
385256472,16742905,101,9/30/1997,M1,-4.397,NULL,6
385256473,16742905,101,8/31/1997,M1,4.247,NULL,6
385256474,16742905,101,7/31/1997,M1,-6.616,NULL,6
385256475,16742905,101,6/30/1997,M1,-8.332,NULL,6
385256476,16742905,101,5/31/1997,M1,-1.117,NULL,6
385256477,16742905,101,4/30/1997,M1,-6.584,NULL,6
385256478,16742905,101,3/31/1997,M1,-0.753,NULL,6
385256479,16742905,101,2/28/1997,M1,-1.124,NULL,6
385256480,16742905,101,1/31/1997,M1,1.858,NULL,6
385256486,16742906,101,12/31/1996,M1,-6.265,NULL,6
385256487,16742906,101,11/30/1996,M1,-1.232,NULL,6
385256488,16742906,101,10/31/1996,M1,-3.889,NULL,6
385256489,16742906,101,9/30/1996,M1,-3.322,NULL,6
385256490,16742906,101,8/31/1996,M1,-5.848,NULL,6
385256491,16742906,101,7/31/1996,M1,-8.154,NULL,6
385256492,16742906,101,6/30/1996,M1,-4.464,NULL,6
385256493,16742906,101,5/31/1996,M1,2.791,NULL,6
385256494,16742906,101,4/30/1996,M1,7.726,NULL,6
385256495,16742906,101,3/31/1996,M1,4.645,NULL,6
385256496,16742906,101,2/29/1996,M1,-4.309,NULL,6
385256497,16742906,101,1/31/1996,M1,5.888,NULL,6
385256971,16742934,102,10/31/2013,M1,-0.045,NULL,6
385256972,16742934,102,9/30/2013,M1,5.217,NULL,6
385256973,16742934,102,8/31/2013,M1,9.73,NULL,6
385256974,16742934,102,7/31/2013,M1,-4.496,NULL,6
385256975,16742934,102,6/30/2013,M1,-1.04,NULL,6
385256976,16742934,102,5/31/2013,M1,3.341,NULL,6
385256977,16742934,102,4/30/2013,M1,6.766,NULL,6
385256978,16742934,102,3/31/2013,M1,-0.649,NULL,6
385256979,16742934,102,2/28/2013,M1,-8.024,NULL,6
385256980,16742934,102,1/31/2013,M1,-9.078,NULL,6
385256986,16742935,102,12/31/2012,M1,1.968,NULL,6
385256987,16742935,102,11/30/2012,M1,-7.702,NULL,6
385256988,16742935,102,10/31/2012,M1,-3.188,NULL,6
385256989,16742935,102,9/30/2012,M1,-3.76,NULL,6
385256990,16742935,102,8/31/2012,M1,-0.304,NULL,6
385256991,16742935,102,7/31/2012,M1,3.892,NULL,6
385256992,16742935,102,6/30/2012,M1,7.317,NULL,6
385256993,16742935,102,5/31/2012,M1,-3.774,NULL,6
385256994,16742935,102,4/30/2012,M1,3.601,NULL,6
385256995,16742935,102,3/31/2012,M1,-2.801,NULL,6
385256996,16742935,102,2/29/2012,M1,8.245,NULL,6
385256997,16742935,102,1/31/2012,M1,-5.308,NULL,6
385257003,16742936,102,12/31/2011,M1,8.759,NULL,6
385257004,16742936,102,11/30/2011,M1,-3.024,NULL,6
385257005,16742936,102,10/31/2011,M1,0.432,NULL,6
385257006,16742936,102,9/30/2011,M1,-6.899,NULL,6
385257007,16742936,102,8/31/2011,M1,0.476,NULL,6
385257008,16742936,102,7/31/2011,M1,-9.04,NULL,6
385257009,16742936,102,6/30/2011,M1,-3.76,NULL,6
385257010,16742936,102,5/31/2011,M1,-1.98,NULL,6
385257011,16742936,102,4/30/2011,M1,-0.2,NULL,6
385257012,16742936,102,3/31/2011,M1,1.58,NULL,6
385257013,16742936,102,2/28/2011,M1,3.359,NULL,6
385257014,16742936,102,1/31/2011,M1,5.139,NULL,6
385257020,16742937,102,12/31/2010,M1,6.919,NULL,6
385257021,16742937,102,11/30/2010,M1,8.698,NULL,6
385257022,16742937,102,10/31/2010,M1,-9.522,NULL,6
385257023,16742937,102,9/30/2010,M1,-7.742,NULL,6
385257024,16742937,102,8/31/2010,M1,-5.963,NULL,6
385257025,16742937,102,7/31/2010,M1,-4.183,NULL,6
385257026,16742937,102,6/30/2010,M1,-2.403,NULL,6
385257027,16742937,102,5/31/2010,M1,-0.623,NULL,6
385257028,16742937,102,4/30/2010,M1,1.156,NULL,6
385257029,16742937,102,3/31/2010,M1,2.936,NULL,6
385257030,16742937,102,2/28/2010,M1,4.716,NULL,6
385257031,16742937,102,1/31/2010,M1,6.495,NULL,6
385257037,16742938,102,12/31/2009,M1,8.275,NULL,6
385257038,16742938,102,11/30/2009,M1,-9.945,NULL,6
385257039,16742938,102,10/31/2009,M1,-8.165,NULL,6
385257040,16742938,102,9/30/2009,M1,-6.386,NULL,6
385257041,16742938,102,8/31/2009,M1,-4.606,NULL,6
385257042,16742938,102,7/31/2009,M1,-2.826,NULL,6
385257043,16742938,102,6/30/2009,M1,-1.047,NULL,6
385257044,16742938,102,5/31/2009,M1,0.733,NULL,6
385257045,16742938,102,4/30/2009,M1,2.513,NULL,6
385257046,16742938,102,3/31/2009,M1,4.292,NULL,6
385257047,16742938,102,2/28/2009,M1,6.072,NULL,6
385257048,16742938,102,1/31/2009,M1,7.852,NULL,6
385257054,16742939,102,12/31/2008,M1,9.632,NULL,6
385257055,16742939,102,11/30/2008,M1,0.741,NULL,6
385257056,16742939,102,10/31/2008,M1,9.856,NULL,6
385257057,16742939,102,9/30/2008,M1,-1.029,NULL,6
385257058,16742939,102,8/31/2008,M1,8.085,NULL,6
385257059,16742939,102,7/31/2008,M1,-2.8,NULL,6
385257060,16742939,102,6/30/2008,M1,6.315,NULL,6
385257061,16742939,102,5/31/2008,M1,-4.571,NULL,6
385257062,16742939,102,4/30/2008,M1,4.544,NULL,6
385257063,16742939,102,3/31/2008,M1,-6.341,NULL,6
385257064,16742939,102,2/29/2008,M1,2.774,NULL,6
385257065,16742939,102,1/31/2008,M1,-8.112,NULL,6
385257071,16742940,102,12/31/2007,M1,1.003,NULL,6
385257072,16742940,102,11/30/2007,M1,-9.882,NULL,6
385257073,16742940,102,10/31/2007,M1,-0.768,NULL,6
385257074,16742940,102,9/30/2007,M1,8.347,NULL,6
385257075,16742940,102,8/31/2007,M1,-2.538,NULL,6
385257076,16742940,102,7/31/2007,M1,6.577,NULL,6
385257077,16742940,102,6/30/2007,M1,-4.309,NULL,6
385257078,16742940,102,5/31/2007,M1,4.806,NULL,6
385257079,16742940,102,4/30/2007,M1,-6.079,NULL,6
385257080,16742940,102,3/31/2007,M1,3.035,NULL,6
385257081,16742940,102,2/28/2007,M1,-7.85,NULL,6
385257082,16742940,102,1/31/2007,M1,1.265,NULL,6
385257088,16742941,102,12/31/2006,M1,-9.62,NULL,6
385257089,16742941,102,11/30/2006,M1,-0.506,NULL,6
385257090,16742941,102,10/31/2006,M1,8.609,NULL,6
385257091,16742941,102,9/30/2006,M1,-2.276,NULL,6
385257092,16742941,102,8/31/2006,M1,6.839,NULL,6
385257093,16742941,102,7/31/2006,M1,-4.047,NULL,6
385257094,16742941,102,6/30/2006,M1,5.068,NULL,6
385257095,16742941,102,5/31/2006,M1,-5.817,NULL,6
385257096,16742941,102,4/30/2006,M1,-9.193,NULL,6
385257097,16742941,102,3/31/2006,M1,3.996,NULL,6
385257098,16742941,102,2/28/2006,M1,6.471,NULL,6
385257099,16742941,102,1/31/2006,M1,-0.336,NULL,6
385257105,16742942,102,12/31/2005,M1,-6.685,NULL,6
385257106,16742942,102,11/30/2005,M1,6.071,NULL,6
385257107,16742942,102,10/31/2005,M1,-8.841,NULL,6
385257108,16742942,102,9/30/2005,M1,0.068,NULL,6
385257109,16742942,102,8/31/2005,M1,-8.215,NULL,6
385257110,16742942,102,7/31/2005,M1,-5.901,NULL,6
385257111,16742942,102,6/30/2005,M1,-8.375,NULL,6
385257112,16742942,102,5/31/2005,M1,-8.563,NULL,6
385257113,16742942,102,4/30/2005,M1,-2.193,NULL,6
385257114,16742942,102,3/31/2005,M1,1.569,NULL,6
385257115,16742942,102,2/28/2005,M1,-4.781,NULL,6
385257116,16742942,102,1/31/2005,M1,-1.994,NULL,6
385257122,16742943,102,12/31/2004,M1,-5.405,NULL,6
385257123,16742943,102,11/30/2004,M1,-9.625,NULL,6
385257124,16742943,102,10/31/2004,M1,2.093,NULL,6
385257125,16742943,102,9/30/2004,M1,-3.221,NULL,6
385257126,16742943,102,8/31/2004,M1,-0.747,NULL,6
385257127,16742943,102,7/31/2004,M1,9.657,NULL,6
385257128,16742943,102,6/30/2004,M1,-3.973,NULL,6
385257129,16742943,102,5/31/2004,M1,3.473,NULL,6
385257130,16742943,102,4/30/2004,M1,-2.876,NULL,6
385257131,16742943,102,3/31/2004,M1,-2.457,NULL,6
385257132,16742943,102,2/29/2004,M1,-5.867,NULL,6
385257133,16742943,102,1/31/2004,M1,7.127,NULL,6
385257139,16742944,102,12/31/2003,M1,-7.785,NULL,6
385257140,16742944,102,11/30/2003,M1,0.682,NULL,6
385257141,16742944,102,10/31/2003,M1,-7.6,NULL,6
385257142,16742944,102,9/30/2003,M1,1.933,NULL,6
385257143,16742944,102,8/31/2003,M1,-5.753,NULL,6
385257144,16742944,102,7/31/2003,M1,2.1,NULL,6
385257145,16742944,102,6/30/2003,M1,-8.75,NULL,6
385257146,16742944,102,5/31/2003,M1,1.027,NULL,6
385257147,16742944,102,4/30/2003,M1,-0.894,NULL,6
385257148,16742944,102,3/31/2003,M1,3.873,NULL,6
385257149,16742944,102,2/28/2003,M1,2.279,NULL,6
385257150,16742944,102,1/31/2003,M1,2.391,NULL,6
385257156,16742945,102,12/31/2002,M1,-9.701,NULL,6
385257157,16742945,102,11/30/2002,M1,-5.322,NULL,6
385257158,16742945,102,10/31/2002,M1,-8.516,NULL,6
385257159,16742945,102,9/30/2002,M1,-1.647,NULL,6
385257160,16742945,102,8/31/2002,M1,-4.043,NULL,6
385257161,16742945,102,7/31/2002,M1,-0.424,NULL,6
385257162,16742945,102,6/30/2002,M1,-5.669,NULL,6
385257163,16742945,102,5/31/2002,M1,3.275,NULL,6
385257164,16742945,102,4/30/2002,M1,-0.158,NULL,6
385257165,16742945,102,3/31/2002,M1,-7.485,NULL,6
385257166,16742945,102,2/28/2002,M1,2.481,NULL,6
385257167,16742945,102,1/31/2002,M1,9.836,NULL,6
385257173,16742946,102,12/31/2001,M1,-2.257,NULL,6
385257174,16742946,102,11/30/2001,M1,3.979,NULL,6
385257175,16742946,102,10/31/2001,M1,1.584,NULL,6
385257176,16742946,102,9/30/2001,M1,8.102,NULL,6
385257177,16742946,102,8/31/2001,M1,2.856,NULL,6
385257178,16742946,102,7/31/2001,M1,2.677,NULL,6
385257179,16742946,102,6/30/2001,M1,-0.756,NULL,6
385257180,16742946,102,5/31/2001,M1,2.683,NULL,6
385257181,16742946,102,4/30/2001,M1,-7.283,NULL,6
385257182,16742946,102,3/31/2001,M1,-2.719,NULL,6
385257183,16742946,102,2/28/2001,M1,5.188,NULL,6
385257184,16742946,102,1/31/2001,M1,-3.65,NULL,6
385257190,16742947,102,12/31/2000,M1,-6.844,NULL,6
385257191,16742947,102,11/30/2000,M1,-3.373,NULL,6
385257192,16742947,102,10/31/2000,M1,-8.619,NULL,6
385257193,16742947,102,9/30/2000,M1,2.886,NULL,6
385257194,16742947,102,8/31/2000,M1,-7.148,NULL,6
385257195,16742947,102,7/31/2000,M1,3.574,NULL,6
385257196,16742947,102,6/30/2000,M1,-4.083,NULL,6
385257197,16742947,102,5/31/2000,M1,-0.556,NULL,6
385257198,16742947,102,4/30/2000,M1,2.971,NULL,6
385257199,16742947,102,3/31/2000,M1,6.497,NULL,6
385257200,16742947,102,2/29/2000,M1,-9.976,NULL,6
385257201,16742947,102,1/31/2000,M1,-6.45,NULL,6
385257207,16742948,102,12/31/1999,M1,-2.923,NULL,6
385257208,16742948,102,11/30/1999,M1,0.603,NULL,6
385257209,16742948,102,10/31/1999,M1,4.13,NULL,6
385257210,16742948,102,9/30/1999,M1,7.657,NULL,6
385257211,16742948,102,8/31/1999,M1,-8.817,NULL,6
385257212,16742948,102,7/31/1999,M1,-5.29,NULL,6
385257213,16742948,102,6/30/1999,M1,-1.764,NULL,6
385257214,16742948,102,5/31/1999,M1,1.763,NULL,6
385257215,16742948,102,4/30/1999,M1,5.289,NULL,6
385257216,16742948,102,3/31/1999,M1,8.816,NULL,6
385257217,16742948,102,2/28/1999,M1,-7.658,NULL,6
385257218,16742948,102,1/31/1999,M1,-4.131,NULL,6
385257224,16742949,102,12/31/1998,M1,-0.604,NULL,6
385257225,16742949,102,11/30/1998,M1,2.922,NULL,6
385257226,16742949,102,10/31/1998,M1,6.449,NULL,6
385257227,16742949,102,9/30/1998,M1,9.975,NULL,6
385257228,16742949,102,8/31/1998,M1,-6.498,NULL,6
385257229,16742949,102,7/31/1998,M1,-2.972,NULL,6
385257230,16742949,102,6/30/1998,M1,0.555,NULL,6
385257231,16742949,102,5/31/1998,M1,4.081,NULL,6
385257232,16742949,102,4/30/1998,M1,7.608,NULL,6
385257233,16742949,102,3/31/1998,M1,-8.865,NULL,6
385257234,16742949,102,2/28/1998,M1,-5.339,NULL,6
385257235,16742949,102,1/31/1998,M1,-1.812,NULL,6
385257241,16742950,102,12/31/1997,M1,1.714,NULL,6
385257242,16742950,102,11/30/1997,M1,8.395,NULL,6
385257243,16742950,102,10/31/1997,M1,1.74,NULL,6
385257244,16742950,102,9/30/1997,M1,-4.914,NULL,6
385257245,16742950,102,8/31/1997,M1,8.431,NULL,6
385257246,16742950,102,7/31/1997,M1,1.777,NULL,6
385257247,16742950,102,6/30/1997,M1,-4.878,NULL,6
385257248,16742950,102,5/31/1997,M1,8.467,NULL,6
385257249,16742950,102,4/30/1997,M1,1.813,NULL,6
385257250,16742950,102,3/31/1997,M1,-4.842,NULL,6
385257251,16742950,102,2/28/1997,M1,8.504,NULL,6
385257252,16742950,102,1/31/1997,M1,1.849,NULL,6
385257258,16742951,102,12/31/1996,M1,-4.806,NULL,6
385257259,16742951,102,11/30/1996,M1,8.54,NULL,6
385257260,16742951,102,10/31/1996,M1,1.885,NULL,6
385257261,16742951,102,9/30/1996,M1,-4.769,NULL,6
385257262,16742951,102,8/31/1996,M1,8.576,NULL,6
385257263,16742951,102,7/31/1996,M1,1.921,NULL,6
385257264,16742951,102,6/30/1996,M1,-4.733,NULL,6
385257265,16742951,102,5/31/1996,M1,8.612,NULL,6
385257266,16742951,102,4/30/1996,M1,1.958,NULL,6
385257267,16742951,102,3/31/1996,M1,-4.697,NULL,6
385257268,16742951,102,2/29/1996,M1,8.648,NULL,6
385257269,16742951,102,1/31/1996,M1,1.994,NULL,6
385257275,16742952,102,12/31/1995,M1,-4.661,NULL,6
385257276,16742952,102,11/30/1995,M1,8.685,NULL,6
385257277,16742952,102,10/31/1995,M1,2.03,NULL,6
385257278,16742952,102,9/30/1995,M1,-4.625,NULL,6
385257279,16742952,102,8/31/1995,M1,8.721,NULL,6
385257280,16742952,102,7/31/1995,M1,2.066,NULL,6
385257281,16742952,102,6/30/1995,M1,-4.588,NULL,6
385257282,16742952,102,5/31/1995,M1,8.757,NULL,6
385257283,16742952,102,4/30/1995,M1,7.728,NULL,6
385257284,16742952,102,3/31/1995,M1,-5.505,NULL,6
385257285,16742952,102,2/28/1995,M1,3.456,NULL,6
385257286,16742952,102,1/31/1995,M1,6.834,NULL,6
385257292,16742953,102,12/31/1994,M1,4.854,NULL,6
385257293,16742953,102,11/30/1994,M1,8.416,NULL,6
385257294,16742953,102,10/31/1994,M1,1.979,NULL,6
385257295,16742953,102,9/30/1994,M1,7.994,NULL,6
385257296,16742953,102,8/31/1994,M1,-8.738,NULL,6
385257297,16742953,102,7/31/1994,M1,-1.35,NULL,6
385257298,16742953,102,6/30/1994,M1,9.689,NULL,6
385257299,16742953,102,5/31/1994,M1,4.069,NULL,6
385257300,16742953,102,4/30/1994,M1,3.203,NULL,6
385257301,16742953,102,3/31/1994,M1,-5.045,NULL,6
385257302,16742953,102,2/28/1994,M1,-7.024,NULL,6
385257303,16742953,102,1/31/1994,M1,-7.179,NULL,6
385257309,16742954,102,12/31/1993,M1,9.166,NULL,6
385257310,16742954,102,11/30/1993,M1,7.6,NULL,6
385257311,16742954,102,10/31/1993,M1,-9.132,NULL,6
385257312,16742954,102,9/30/1993,M1,4.884,NULL,6
385257313,16742954,102,8/31/1993,M1,-1.131,NULL,6
385257314,16742954,102,7/31/1993,M1,-4.077,NULL,6
385257315,16742954,102,6/30/1993,M1,-1.998,NULL,6
385257316,16742954,102,5/31/1993,M1,3.077,NULL,6
385257317,16742954,102,4/30/1993,M1,1.097,NULL,6
385257318,16742954,102,3/31/1993,M1,-9.11,NULL,6
385257319,16742954,102,2/28/1993,M1,7.235,NULL,6
385257320,16742954,102,1/31/1993,M1,-8.829,NULL,6
385257326,16742955,102,12/31/1992,M1,4.734,NULL,6
385257327,16742955,102,11/30/1992,M1,7.205,NULL,6
385257328,16742955,102,10/31/1992,M1,-9.527,NULL,6
385257329,16742955,102,9/30/1992,M1,-7.198,NULL,6
385257330,16742955,102,8/31/1992,M1,2.156,NULL,6
385257331,16742955,102,7/31/1992,M1,-8.717,NULL,6
385257332,16742955,102,6/30/1992,M1,4.045,NULL,6
385257333,16742955,102,5/31/1992,M1,3.863,NULL,6
385257334,16742955,102,4/30/1992,M1,2.186,NULL,6
385257335,16742955,102,3/31/1992,M1,3.929,NULL,6
385257336,16742955,102,2/29/1992,M1,8.194,NULL,6
385257337,16742955,102,1/31/1992,M1,3.732,NULL,6
